<?xml version="1.0" encoding="UTF-8"?>

<mule xmlns:vm="http://www.mulesoft.org/schema/mule/vm"
	xmlns:tracking="http://www.mulesoft.org/schema/mule/ee/tracking"
	xmlns:context="http://www.springframework.org/schema/context"
	xmlns:http="http://www.mulesoft.org/schema/mule/http" xmlns="http://www.mulesoft.org/schema/mule/core"
	xmlns:doc="http://www.mulesoft.org/schema/mule/documentation"
	xmlns:spring="http://www.springframework.org/schema/beans" version="EE-3.7.0"
	xmlns:xsi="http://www.w3.org/2001/XMLSchema-instance"
	xsi:schemaLocation="http://www.mulesoft.org/schema/mule/vm http://www.mulesoft.org/schema/mule/vm/current/mule-vm.xsd
http://www.mulesoft.org/schema/mule/http http://www.mulesoft.org/schema/mule/http/current/mule-http.xsd
http://www.mulesoft.org/schema/mule/ee/tracking http://www.mulesoft.org/schema/mule/ee/tracking/current/mule-tracking-ee.xsd
http://www.springframework.org/schema/beans http://www.springframework.org/schema/beans/spring-beans-current.xsd
http://www.mulesoft.org/schema/mule/core http://www.mulesoft.org/schema/mule/core/current/mule.xsd
http://www.springframework.org/schema/context http://www.springframework.org/schema/context/spring-context-current.xsd">



	<!-- The "override" Property Placeholder is now replaced with this one with
		the ${env}.properties pattern added to the location -->

	<context:property-placeholder
		location="default.properties, override.properties,
			${env}.properties"
		ignore-resource-not-found="true" system-properties-mode="OVERRIDE"
		local-override="true" />

	<!-- <context:property-placeholder location="default.properties, override.properties,
		ignore-resource-not-found="true" system-properties-mode="OVERRIDE" local-override="true"
		/> -->

	<http:listener-config name="Inbound_HTTP_Listener_Configuration"
		host="localhost" port="${inbound.port}" basePath="${inbound.path}"
		doc:name="HTTP Listener Configuration" />
	<http:listener-config name="Outbound_HTTP_Listener_Configuration"
		host="localhost" port="${outbound.port}" basePath="${outbound.path}"
		doc:name="HTTP Listener Configuration" />
	<http:request-config name="Outbound_HTTP_Request_Configuration"
		host="${outbound.host}" port="${outbound.port}" basePath="${outbound.path}"
		doc:name="HTTP Request Configuration" />



	<flow name="Inbound">
		<http:listener config-ref="Inbound_HTTP_Listener_Configuration"
			path="/" doc:name="HTTP" />
		<http:request config-ref="Outbound_HTTP_Request_Configuration"
			path="/" method="POST" doc:name="HTTP" />
	</flow>


	<flow name="Outbound">
		<http:listener config-ref="Outbound_HTTP_Listener_Configuration"
			path="/" doc:name="HTTP" />

		<expression-transformer
			expression="#['Hello, this is the ${my.message} message.']" doc:name="Expression" />
	</flow>

</mule>
