<?xml version="1.0" encoding="UTF-8"?>

<mule xmlns:json="http://www.mulesoft.org/schema/mule/json" xmlns:sfdc="http://www.mulesoft.org/schema/mule/sfdc" xmlns:jms="http://www.mulesoft.org/schema/mule/jms" xmlns:db="http://www.mulesoft.org/schema/mule/db" xmlns:file="http://www.mulesoft.org/schema/mule/file" xmlns:mulexml="http://www.mulesoft.org/schema/mule/xml" xmlns:ws="http://www.mulesoft.org/schema/mule/ws" xmlns:tracking="http://www.mulesoft.org/schema/mule/ee/tracking" xmlns:http="http://www.mulesoft.org/schema/mule/http" xmlns="http://www.mulesoft.org/schema/mule/core" xmlns:doc="http://www.mulesoft.org/schema/mule/documentation"
	xmlns:spring="http://www.springframework.org/schema/beans" version="EE-3.7.0"
	xmlns:xsi="http://www.w3.org/2001/XMLSchema-instance"
	xsi:schemaLocation="http://www.springframework.org/schema/beans http://www.springframework.org/schema/beans/spring-beans-current.xsd
http://www.mulesoft.org/schema/mule/core http://www.mulesoft.org/schema/mule/core/current/mule.xsd
http://www.mulesoft.org/schema/mule/http http://www.mulesoft.org/schema/mule/http/current/mule-http.xsd
http://www.mulesoft.org/schema/mule/ee/tracking http://www.mulesoft.org/schema/mule/ee/tracking/current/mule-tracking-ee.xsd
http://www.mulesoft.org/schema/mule/ws http://www.mulesoft.org/schema/mule/ws/current/mule-ws.xsd
http://www.mulesoft.org/schema/mule/xml http://www.mulesoft.org/schema/mule/xml/current/mule-xml.xsd
http://www.mulesoft.org/schema/mule/db http://www.mulesoft.org/schema/mule/db/current/mule-db.xsd
http://www.mulesoft.org/schema/mule/file http://www.mulesoft.org/schema/mule/file/current/mule-file.xsd
http://www.mulesoft.org/schema/mule/jms http://www.mulesoft.org/schema/mule/jms/current/mule-jms.xsd
http://www.mulesoft.org/schema/mule/sfdc http://www.mulesoft.org/schema/mule/sfdc/current/mule-sfdc.xsd
http://www.mulesoft.org/schema/mule/json http://www.mulesoft.org/schema/mule/json/current/mule-json.xsd">
    <http:listener-config name="HTTP_Listener_Configuration" host="0.0.0.0" port="8081" doc:name="HTTP Listener Configuration"/>
    <http:request-config name="United_HTTP_Request_Configuration" host="mu.mulesoft-training.com" port="80" basePath="/essentials/united/flights" doc:name="HTTP Request Configuration"/>
    <http:request-config name="Bank_REST_Request_Configuration" host="training.cloudhub.io" port="80" basePath="/build/banking/rest" doc:name="HTTP Request Configuration">
        <http:raml-api-configuration location="https://anypoint.mulesoft.com/apiplatform/repository/public/organizations/1203/apis/9565/versions/9867/files/root"/>
    </http:request-config>
    <ws:consumer-config name="Delta_Web_Service_Consumer" wsdlLocation="http://mu.mulesoft-training.com/essentials/delta?wsdl" service="TicketServiceService" port="TicketServicePort" serviceAddress="http://training.cloudhub.io/essentials/delta" doc:name="Web Service Consumer"/>
    <db:mysql-config name="Training_MySQL_Configuration" host="mudb.mulesoft-training.com" port="3306" user="mule" password="mule" database="training" doc:name="MySQL Configuration"/>
    <jms:activemq-connector name="Active_MQ" specification="1.1" brokerURL="tcp://54.69.115.37:61616" validateConnections="true" doc:name="Active MQ"/>
	<sfdc:config name="Salesforce" username="YOUR_USERNAME" password="YOUR_PASSWORD" securityToken="YOUR_TOKEN" doc:name="Salesforce: Basic authentication"/>    
    
    <flow name="getAmericanFlightsFlow">
        <http:listener config-ref="HTTP_Listener_Configuration" path="/american" allowedMethods="GET" doc:name="HTTP"/>
        <set-variable variableName="destination" value="#[(message.inboundProperties.'http.query.params'.code == empty) ? 'SFO' : message.inboundProperties.'http.query.params'.code]" doc:name="Set Destination"/>
        <db:select config-ref="Training_MySQL_Configuration" doc:name="American DB Request">
            <db:parameterized-query><![CDATA[SELECT * 
FROM flights
WHERE toAirport = #[flowVars.destination]]]></db:parameterized-query>
        </db:select>
        <object-to-string-transformer doc:name="Object to String"/>
        <logger message="#[payload]" level="INFO" doc:name="Logger"/>
    </flow>
    <flow name="getDeltaFlightsFlow">
        <http:listener config-ref="HTTP_Listener_Configuration" path="/delta" allowedMethods="GET" doc:name="HTTP"/>
        <ws:consumer config-ref="Delta_Web_Service_Consumer" operation="listAllFlights" doc:name="Delta SOAP Request"/>
        <mulexml:dom-to-xml-transformer doc:name="DOM to XML"/>
        <logger message="#[payload]" level="INFO" doc:name="Logger"/>
    </flow>
    <flow name="getUnitedFlightsFlow">
        <http:listener config-ref="HTTP_Listener_Configuration" path="/united" allowedMethods="GET" doc:name="HTTP"/>
        <set-variable variableName="destination" value="#[(message.inboundProperties.'http.query.params'.code == empty) ? 'SFO' : message.inboundProperties.'http.query.params'.code]" doc:name="Set Destination"/>
        <http:request config-ref="United_HTTP_Request_Configuration" path="/{destination}" method="GET" doc:name="United REST Request">
            <http:request-builder>
                <http:uri-param paramName="destination" value="#[flowVars.destination]"/>
            </http:request-builder>
        </http:request>
    </flow>
    <flow name="getBankAccountsFlow">
        <http:listener config-ref="HTTP_Listener_Configuration" path="/bank/{ID}" allowedMethods="GET" doc:name="HTTP"/>
        <http:request config-ref="Bank_REST_Request_Configuration" path="/customers/{customer_id}/accounts" method="GET" doc:name="Bank REST Request">
            <http:request-builder>
                <http:uri-param paramName="customer_id" value="#[message.inboundProperties.'http.uri.params'.ID]"/>
            </http:request-builder>
        </http:request>
    </flow>
    <flow name="apessentialsFlow">
        <http:listener config-ref="HTTP_Listener_Configuration" path="/" doc:name="HTTP"/>
        <set-payload value="#['Hello World'.toUpperCase()]" doc:name="Set Payload"/>
        <set-property propertyName="qpname" value="#[message.inboundProperties.'http.query.params'.name]" doc:name="Property"/>
        <set-variable variableName="qptype" value="#[message.inboundProperties.'http.query.params'.type]" doc:name="Variable"/>
        <set-session-variable variableName="color" value="black" doc:name="Session Variable"/>
        <logger level="INFO" doc:name="Logger" message="#['Name: ' + message.outboundProperties.qpname + ' Type: ' + flowVars.qptype + ' Color: ' + sessionVars.color]"/>
    </flow>
    <flow name="getSFDCAccountsFlow">
        <http:listener config-ref="HTTP_Listener_Configuration" path="/sfdc" allowedMethods="GET" doc:name="HTTP"/>
        <sfdc:query config-ref="Salesforce" query="dsql:SELECT BillingCity,BillingCountry,BillingPostalCode,BillingState,BillingStreet,Name 
FROM Account 
WHERE BillingPostalCode = '27215'" doc:name="Salesforce"/>

        <json:object-to-json-transformer doc:name="Object to JSON"/>
        <logger level="INFO" doc:name="Logger"/>    </flow>
    <flow name="getCSVAccountsFlow">
        <file:inbound-endpoint path="src/main/resources/input" moveToPattern="#[message.inboundProperties.originalFilename].backup" moveToDirectory="src/main/resources/output" responseTimeout="10000" doc:name="File">
            <file:filename-regex-filter pattern=".*csv" caseSensitive="false"/>
        </file:inbound-endpoint>
        <file:file-to-string-transformer doc:name="File to String"/>
        <logger message="#[payload]" level="INFO" doc:name="Logger"/>
    </flow>
    <flow name="getTopicMessagesFlow">
        <jms:inbound-endpoint topic="apessentials" connector-ref="Active_MQ" doc:name="JMS"/>
        <logger message="#[message.inboundProperties.name + &quot;: &quot; + payload]" level="INFO" doc:name="Logger"/>
    </flow>
    <flow name="postTopicMessageFlow">
        <http:listener config-ref="HTTP_Listener_Configuration" path="/jms" allowedMethods="GET" doc:name="HTTP"/>
        <set-payload value="#[message.inboundProperties.'http.query.params'.message]" doc:name="Set Message"/>
        <set-property propertyName="name" value="pliny" doc:name="Set Name"/>
        <jms:outbound-endpoint topic="apessentials" connector-ref="Active_MQ" doc:name="JMS"/>
    </flow>
</mule>
