<?xml version="1.0" encoding="UTF-8"?>

<mule xmlns:tracking="http://www.mulesoft.org/schema/mule/ee/tracking" xmlns="http://www.mulesoft.org/schema/mule/core" xmlns:http="http://www.mulesoft.org/schema/mule/http" xmlns:doc="http://www.mulesoft.org/schema/mule/documentation" xmlns:spring="http://www.springframework.org/schema/beans" version="EE-3.6.1" xmlns:xsi="http://www.w3.org/2001/XMLSchema-instance" xsi:schemaLocation="http://www.mulesoft.org/schema/mule/http http://www.mulesoft.org/schema/mule/http/current/mule-http.xsd
http://www.mulesoft.org/schema/mule/ee/tracking http://www.mulesoft.org/schema/mule/ee/tracking/current/mule-tracking-ee.xsd
http://www.springframework.org/schema/beans http://www.springframework.org/schema/beans/spring-beans-current.xsd
http://www.mulesoft.org/schema/mule/core http://www.mulesoft.org/schema/mule/core/current/mule.xsd">
    <http:listener-config name="HTTP_Listener_Configuration_8084" host="localhost" port="8084" doc:name="HTTP Listener Configuration"/>
    <http:listener-config name="HTTP_Listener_Configuration_8085" host="localhost" port="8085" doc:name="HTTP Listener Configuration"/>
    <flow name="EchoFlow" >
        <http:listener config-ref="HTTP_Listener_Configuration_8084" path="*" doc:name="HTTP"/>
        <set-payload doc:name="Set Payload" value="#[message.inboundProperties.'http.request.uri']"/>
        <tracking:custom-event event-name="Message_received" doc:name="Message received">
            <tracking:meta-data key="message" value="#[payload]"/>
        </tracking:custom-event>
        <expression-filter expression="#[payload.contains('Test')]" doc:name="Expression" nullReturnsTrue="true"/>
        <tracking:custom-event event-name="Payload_is_test" doc:name="Payload is test"/>
    </flow>
    <flow name="adding-logging-to-a-flowFlow1"  tracking:enable-default-events="true">
        <http:listener config-ref="HTTP_Listener_Configuration_8085" path="*" doc:name="HTTP"/>
        <set-payload value="#[message.inboundProperties.'http.request.uri']" doc:name="Set Payload"/>
        <echo-component doc:name="Echo"/>
    </flow>
</mule>
