<?xml version="1.0" encoding="UTF-8"?>

<mule xmlns:vm="http://www.mulesoft.org/schema/mule/vm" xmlns:tracking="http://www.mulesoft.org/schema/mule/ee/tracking" xmlns:context="http://www.springframework.org/schema/context" xmlns:http="http://www.mulesoft.org/schema/mule/http" xmlns="http://www.mulesoft.org/schema/mule/core" xmlns:doc="http://www.mulesoft.org/schema/mule/documentation" xmlns:spring="http://www.springframework.org/schema/beans" version="EE-3.6.1" xmlns:xsi="http://www.w3.org/2001/XMLSchema-instance" xsi:schemaLocation="http://www.mulesoft.org/schema/mule/http http://www.mulesoft.org/schema/mule/http/current/mule-http.xsd
http://www.mulesoft.org/schema/mule/ee/tracking http://www.mulesoft.org/schema/mule/ee/tracking/current/mule-tracking-ee.xsd
http://www.springframework.org/schema/beans http://www.springframework.org/schema/beans/spring-beans-current.xsd
http://www.mulesoft.org/schema/mule/core http://www.mulesoft.org/schema/mule/core/current/mule.xsd
http://www.springframework.org/schema/context http://www.springframework.org/schema/context/spring-context-current.xsd
http://www.mulesoft.org/schema/mule/vm http://www.mulesoft.org/schema/mule/vm/current/mule-vm.xsd">
    <context:property-placeholder location="default.properties, override.properties, final.props"  ignore-resource-not-found="true" system-properties-mode="OVERRIDE" local-override="true"/>
    <vm:connector name="InventoryVM" validateConnections="true" doc:name="VM"/>
    <http:listener-config name="Inbound_HTTP_Listener_Configuration" host="localhost" port="${inbound.port}" basePath="${inbound.path}" doc:name="HTTP Listener Configuration"/>
    <http:listener-config name="Outbound_HTTP_Listener_Configuration" host="localhost" port="${outbound.port}" basePath="${outbound.path}" doc:name="HTTP Listener Configuration"/>
    <http:request-config name="Outbound_HTTP_Request_Configuration" host="${outbound.host}" port="${outbound.port}" basePath="${outbound.path}" doc:name="HTTP Request Configuration"/>
    <flow name="Inbound" >
        <http:listener config-ref="Inbound_HTTP_Listener_Configuration" path="/" doc:name="HTTP"/>
        <vm:outbound-endpoint exchange-pattern="one-way" path="/checkInventory" connector-ref="InventoryVM" doc:name="checkInventory"/>
        <http:request config-ref="Outbound_HTTP_Request_Configuration" path="/" method="POST" doc:name="HTTP"/>
    </flow>
    <flow name="Outbound" >
        <http:listener config-ref="Outbound_HTTP_Listener_Configuration" path="/" doc:name="HTTP"/>
        <vm:outbound-endpoint exchange-pattern="one-way" path="/checkInventory" connector-ref="InventoryVM" doc:name="checkInventoryAgain"/>
        <expression-transformer expression="#['Hello, this is the ${my.message} message.']" doc:name="Expression"/>
    </flow>
    <flow name="PropertiesDemoFlow">
        <vm:inbound-endpoint exchange-pattern="request-response" path="/checkInventory" connector-ref="InventoryVM" doc:name="VM"/>
        <set-payload value="#[{my.message}]" doc:name="Set Payload"/>
    </flow>
</mule> 
