<?xml version="1.0" encoding="UTF-8"?>
<mule xmlns:doc="http://www.mulesoft.org/schema/mule/documentation" xmlns:spring="http://www.springframework.org/schema/beans" xmlns="http://www.mulesoft.org/schema/mule/core"
      xmlns:xsi="http://www.w3.org/2001/XMLSchema-instance"
      xmlns:ajax="http://www.mulesoft.org/schema/mule/ajax"
      xmlns:quartz="http://www.mulesoft.org/schema/mule/quartz"
      xsi:schemaLocation="http://www.mulesoft.org/schema/mule/quartz http://www.mulesoft.org/schema/mule/quartz/current/mule-quartz.xsd
http://www.mulesoft.org/schema/mule/ajax http://www.mulesoft.org/schema/mule/ajax/current/mule-ajax.xsd
http://www.mulesoft.org/schema/mule/core http://www.mulesoft.org/schema/mule/core/current/mule.xsd
http://www.springframework.org/schema/beans http://www.springframework.org/schema/beans/spring-beans-current.xsd" version="EE-3.6.2">

    <ajax:connector name="ajaxServer" serverUrl="http://0.0.0.0:18090/services/gps" resourceBase="${app.home}/docroot" doc:name="Ajax" jsonCommented="true"/>

    <flow name="StrollerService">
        <quartz:inbound-endpoint repeatInterval="3000" startDelay="3000" jobName="walkGenerator" doc:name="Quartz">
            <quartz:event-generator-job/>
        </quartz:inbound-endpoint>
        <component doc:name="Java">
            <singleton-object class="org.mule.example.gpswalker.CityStroller"/>
        </component>
        <ajax:outbound-endpoint channel="/gpswalker" doc:name="Ajax"/>
    </flow>
</mule>
