<?xml version="1.0" encoding="UTF-8"?>
<mule xmlns:spring="http://www.springframework.org/schema/beans" xmlns="http://www.mulesoft.org/schema/mule/core"
      xmlns:json="http://www.mulesoft.org/schema/mule/json"
      xmlns:vm="http://www.mulesoft.org/schema/mule/vm"
      xmlns:http="http://www.mulesoft.org/schema/mule/http"
      xmlns:scripting="http://www.mulesoft.org/schema/mule/scripting"
      xmlns:doc="http://www.mulesoft.org/schema/mule/documentation"
      xmlns:core="http://www.mulesoft.org/schema/mule/core"
      xmlns:ajax="http://www.mulesoft.org/schema/mule/ajax"
      xmlns:xsi="http://www.w3.org/2001/XMLSchema-instance"
      version="EE-3.6.1" xsi:schemaLocation="http://www.mulesoft.org/schema/mule/json http://www.mulesoft.org/schema/mule/json/current/mule-json.xsd
http://www.mulesoft.org/schema/mule/vm http://www.mulesoft.org/schema/mule/vm/current/mule-vm.xsd
http://www.mulesoft.org/schema/mule/ajax http://www.mulesoft.org/schema/mule/ajax/current/mule-ajax.xsd
http://www.mulesoft.org/schema/mule/http http://www.mulesoft.org/schema/mule/http/current/mule-http.xsd
http://www.mulesoft.org/schema/mule/scripting http://www.mulesoft.org/schema/mule/scripting/current/mule-scripting.xsd
http://www.mulesoft.org/schema/mule/core http://www.mulesoft.org/schema/mule/core/current/mule.xsd
http://www.springframework.org/schema/beans http://www.springframework.org/schema/beans/spring-beans-current.xsd">

    <ajax:connector name="ajaxServer" serverUrl="http://0.0.0.0:9092/reservation" resourceBase="${app.home}/docroot" doc:name="Ajax"/>
    <flow name="makeReservation" >
        <ajax:inbound-endpoint channel="/searchFlights" responseTimeout="10000" connector-ref="ajaxServer" doc:name="Search Flights"/>
        <object-to-string-transformer doc:name="Object to String"/>
        <flow-ref name="processReservation" doc:name="processReservation"/>
    </flow>
    <flow name="processReservation" >
        <json:json-to-object-transformer returnClass="org.mule.example.ReservationRequest" doc:name="JSON to ReservationRequest"/>
        <set-session-variable variableName="reservationRequest" value="#[payload]" doc:name="Save original request in Session"/>
        <set-payload value="#[new org.mule.example.ReservationResponse()]" doc:name="Set ReservationResponse payload"/>
        <expression-component doc:name="Add request flight to response">payload.setFlights(reservationRequest.flights)</expression-component>
        <set-variable variableName="totalPrice" value="#[0]" doc:name="Initialize totalPrice"/>
        <foreach collection="#[payload.flights]" doc:name="Foreach on flights">
            <set-variable variableName="currentFlight" value="#[payload.flightNumber]" doc:name="Variable"/>
            <scripting:transformer doc:name="Search flight availability">
                <scripting:script engine="Groovy">
                    <scripting:text><![CDATA[if (payload.flightNumber.endsWith('3'))
   throw new org.mule.example.FlightUnavailableException()
else
   payload]]></scripting:text>
                </scripting:script>
            </scripting:transformer>
            <vm:outbound-endpoint exchange-pattern="request-response" path="acquireSeatsInfoQueue" doc:name="Acquire Seats Info"/>
            <vm:outbound-endpoint exchange-pattern="request-response" path="acquireFlightPrice" doc:name="Acquire Flight Price"/>
            <set-variable variableName="totalPrice" value="#[totalPrice + payload.ticketPrice]" doc:name="Add price to totalPrice"/>
        </foreach>
        <expression-component doc:name="Add total price to reservation">payload.totalPrice = flowVars['totalPrice']</expression-component>
        <json:object-to-json-transformer doc:name="Object to JSON"/>
        <choice-exception-strategy doc:name="Choice Exception Strategy">
            <catch-exception-strategy when="#[exception.causedBy(org.mule.example.FlightUnavailableException)]" doc:name="Catch Exception Strategy">
                <scripting:transformer doc:name="Add no availability error">
                    <scripting:script engine="Groovy">
                        <scripting:text><![CDATA[def payload = new org.mule.example.ReservationResponse()
payload.addError('There is no availability for the selected flight')
payload]]></scripting:text>
                    </scripting:script>
                </scripting:transformer>
                <json:object-to-json-transformer doc:name="Object to JSON"/>
                <logger message="Flight #[flowVars.currentFlight] information is currently unavailable" level="WARN" category="FlightRouteUnavailable" doc:name="Logger"/>
            </catch-exception-strategy>
            <catch-exception-strategy doc:name="Catch Exception Strategy">
                <scripting:transformer doc:name="Add exception message">
                    <scripting:script engine="Groovy">
                        <scripting:text><![CDATA[def payload = new org.mule.example.ReservationResponse()
payload.addError("Error processing request")
payload]]></scripting:text>
                    </scripting:script>
                </scripting:transformer>
                <set-property propertyName="http.status" value="500" doc:name="Set http status 500"/>
                <json:object-to-json-transformer doc:name="Object to JSON"/>
            </catch-exception-strategy>
        </choice-exception-strategy>
    </flow>
    <flow name="acquireSeatsInfo" >
        <vm:inbound-endpoint exchange-pattern="request-response" path="acquireSeatsInfoQueue" doc:name="acquireSeatsInfo"/>
        <scripting:component doc:name="Acquire seats info service">
            <scripting:script engine="Groovy">
                <scripting:text><![CDATA[if (payload.flightNumber.endsWith('2'))
   payload.seatInfo = '20A'
else
   throw new Exception()
payload]]></scripting:text>
            </scripting:script>
        </scripting:component>
        <catch-exception-strategy doc:name="Catch Exception Strategy" enableNotifications="false">
            <expression-component doc:name="Add no seat info available message">payload.seatInfo = 'No seat info available'</expression-component>
            <logger message="#['Flight '+message.payload.flightNumber+', No Seat Available caused an Exception: status set to - '+message.payload.seatInfo]" level="WARN" category="NoSeatAvailableException" doc:name="Logger"/>
        </catch-exception-strategy>
    </flow>
    <flow name="acquireFlightPrice" >
        <vm:inbound-endpoint exchange-pattern="request-response" path="acquireFlightPrice" doc:name="acquireFlightPrice"/>
        <expression-component doc:name="acquireFlightPrice">payload.ticketPrice = Integer.valueOf(payload.flightNumber) * 2</expression-component>
    </flow>
</mule>
